{"cameraMode":{"drawMode":0,"name":"Shaded","section":"Shading Mode"},"sceneLighting":false,"audioPlay":false,"sceneViewState":{"showFog":true,"showMaterialUpdate":false,"showSkybox":false,"showFlares":true,"showImageEffects":true,"showParticleSystems":true},"in2DMode":false,"pivot":{"x":-72.09500122070313,"y":-0.3372964560985565,"z":29.600000381469728},"rotation":{"x":-0.3309839367866516,"y":0.4357539117336273,"z":-0.17612652480602265,"w":-0.8182915449142456},"size":24.1243896484375,"orthographic":false}